NOC,Year,People,Event,Gold,Silver,Bronze,No Medal,Number,Firsttime
AFG,1936,16,4,0,0,0,16,1,0
AFG,1948,25,2,0,0,0,25,2,0
AFG,1956,12,1,0,0,0,12,3,0
AFG,1960,16,13,0,0,0,16,4,0
AFG,1964,8,8,0,0,0,8,5,0
AFG,1968,5,5,0,0,0,5,6,0
AFG,1972,8,8,0,0,0,8,7,0
AFG,1980,11,11,0,0,0,11,8,0
AFG,1988,5,5,0,0,0,5,9,0
AFG,1996,2,2,0,0,0,2,10,0
AFG,2004,5,5,0,0,0,5,11,0
AFG,2008,4,4,0,0,1,3,12,1
AHO,1952,11,1,0,0,0,11,1,0
AHO,1960,5,4,0,0,0,5,2,0
AHO,1964,4,4,0,0,0,4,3,0
AHO,1968,5,4,0,0,0,5,4,0
AHO,1972,2,2,0,0,0,2,5,0
AHO,1976,4,4,0,0,0,4,6,0
AHO,1984,13,10,0,0,0,13,7,0
AHO,1988,4,4,0,1,0,3,8,1
ALB,1972,5,3,0,0,0,5,1,0
ALB,1992,9,8,0,0,0,9,2,0
ALB,1996,9,7,0,0,0,9,3,0
ALB,2000,5,5,0,0,0,5,4,0
ALB,2004,7,7,0,0,0,7,5,0
ALB,2008,12,12,0,0,0,12,6,0
ALB,2012,10,9,0,0,0,10,7,0
ALB,2016,6,6,0,0,0,6,8,0
ALB,2020,10,10,0,0,0,10,9,0
ALB,2024,9,9,0,0,2,7,10,1
ALG,1964,7,7,0,0,0,7,1,0
ALG,1968,9,9,0,0,0,9,2,0
ALG,1972,7,5,0,0,0,7,3,0
ALG,1980,63,28,0,0,0,63,4,0
ALG,1984,33,17,0,0,2,31,5,1
AND,1976,3,2,0,0,0,3,1,0
AND,1980,2,1,0,0,0,2,2,0
AND,1984,2,1,0,0,0,2,3,0
AND,1988,4,3,0,0,0,4,4,0
AND,1992,8,5,0,0,0,8,5,0
AND,1996,8,7,0,0,0,8,6,0
AND,2000,5,5,0,0,0,5,7,0
AND,2004,6,6,0,0,0,6,8,0
AND,2008,5,5,0,0,0,5,9,0
AND,2012,6,6,0,0,0,6,10,0
AND,2016,4,4,0,0,0,4,11,0
AND,2020,3,3,0,0,0,3,12,0
AND,2024,4,4,0,0,0,4,13,0
ANG,1980,17,14,0,0,0,17,1,0
ANG,1988,33,27,0,0,0,33,2,0
ANG,1992,33,21,0,0,0,33,3,0
ANG,1996,30,8,0,0,0,30,4,0
ANG,2000,30,7,0,0,0,30,5,0
ANG,2004,30,5,0,0,0,30,6,0
ANG,2008,33,8,0,0,0,33,7,0
ANG,2012,35,10,0,0,0,35,8,0
ANG,2016,26,10,0,0,0,26,9,0
ANG,2020,20,6,0,0,0,20,10,0
ANG,2024,26,10,0,0,0,26,11,0
ANT,1976,17,11,0,0,0,17,1,0
ANT,1984,27,17,0,0,0,27,2,0
ANT,1988,25,19,0,0,0,25,3,0
ANT,1992,18,15,0,0,0,18,4,0
ANT,1996,19,9,0,0,0,19,5,0
ANT,2000,4,4,0,0,0,4,6,0
ANT,2004,5,5,0,0,0,5,7,0
ANT,2008,5,5,0,0,0,5,8,0
ANT,2012,4,4,0,0,0,4,9,0
ANT,2016,9,5,0,0,0,9,10,0
ANT,2020,6,6,0,0,0,6,11,0
ANT,2024,5,5,0,0,0,5,12,0
ARG,1900,1,1,0,0,0,1,1,0
ARG,1908,1,1,0,0,0,1,2,0
ARG,1920,1,1,0,0,0,1,3,0
ARG,1924,109,39,5,3,2,99,4,1
ARU,1988,12,10,0,0,0,12,1,0
ARU,1992,5,4,0,0,0,5,2,0
ARU,1996,3,3,0,0,0,3,3,0
ARU,2000,5,5,0,0,0,5,4,0
ARU,2004,4,4,0,0,0,4,5,0
ARU,2008,2,2,0,0,0,2,6,0
ARU,2012,4,4,0,0,0,4,7,0
ARU,2016,7,6,0,0,0,7,8,0
ARU,2020,4,4,0,0,0,4,9,0
ARU,2024,7,7,0,0,0,7,10,0
ASA,1988,6,6,0,0,0,6,1,0
ASA,1992,3,3,0,0,0,3,2,0
ASA,1996,7,6,0,0,0,7,3,0
ASA,2000,4,4,0,0,0,4,4,0
ASA,2004,3,3,0,0,0,3,5,0
ASA,2008,4,4,0,0,0,4,6,0
ASA,2012,4,4,0,0,0,4,7,0
ASA,2016,4,4,0,0,0,4,8,0
ASA,2020,6,5,0,0,0,6,9,0
ASA,2024,2,2,0,0,0,2,10,0
BAH,1952,7,3,0,0,0,7,1,0
BAH,1956,5,4,0,0,2,3,2,1
BAN,1984,2,2,0,0,0,2,1,0
BAN,1988,11,8,0,0,0,11,2,0
BAN,1992,9,6,0,0,0,9,3,0
BAN,1996,4,4,0,0,0,4,4,0
BAN,2000,6,6,0,0,0,6,5,0
BAN,2004,4,4,0,0,0,4,6,0
BAN,2008,5,5,0,0,0,5,7,0
BAN,2012,7,7,0,0,0,7,8,0
BAN,2016,7,7,0,0,0,7,9,0
BAN,2020,8,7,0,0,0,8,10,0
BAN,2024,5,5,0,0,0,5,11,0
BAR,1968,13,10,0,0,0,13,1,0
BAR,1972,20,13,0,0,0,20,2,0
BAR,1976,17,11,0,0,0,17,3,0
BAR,1984,25,16,0,0,0,25,4,0
BAR,1988,26,20,0,0,0,26,5,0
BAR,1992,22,17,0,0,0,22,6,0
BAR,1996,22,21,0,0,0,22,7,0
BAR,2000,28,21,0,0,1,27,8,1
BEN,1972,3,3,0,0,0,3,1,0
BEN,1980,17,17,0,0,0,17,2,0
BEN,1984,3,3,0,0,0,3,3,0
BEN,1988,10,7,0,0,0,10,4,0
BEN,1992,7,6,0,0,0,7,5,0
BEN,1996,7,4,0,0,0,7,6,0
BEN,2000,4,4,0,0,0,4,7,0
BEN,2004,4,4,0,0,0,4,8,0
BEN,2008,5,5,0,0,0,5,9,0
BEN,2012,5,5,0,0,0,5,10,0
BEN,2016,6,6,0,0,0,6,11,0
BEN,2020,7,7,0,0,0,7,12,0
BEN,2024,5,5,0,0,0,5,13,0
BER,1936,9,4,0,0,0,9,1,0
BER,1948,28,13,0,0,0,28,2,0
BER,1952,12,6,0,0,0,12,3,0
BER,1956,3,1,0,0,0,3,4,0
BER,1960,9,4,0,0,0,9,5,0
BER,1964,4,2,0,0,0,4,6,0
BER,1968,6,4,0,0,0,6,7,0
BER,1972,9,4,0,0,0,9,8,0
BER,1976,20,12,0,0,1,19,9,1
BHU,1984,6,2,0,0,0,6,1,0
BHU,1988,6,2,0,0,0,6,2,0
BHU,1992,12,4,0,0,0,12,3,0
BHU,1996,2,2,0,0,0,2,4,0
BHU,2000,2,2,0,0,0,2,5,0
BHU,2004,2,2,0,0,0,2,6,0
BHU,2008,2,2,0,0,0,2,7,0
BHU,2012,2,2,0,0,0,2,8,0
BHU,2016,2,2,0,0,0,2,9,0
BHU,2020,4,4,0,0,0,4,10,0
BHU,2024,3,3,0,0,0,3,11,0
BIH,1992,13,13,0,0,0,13,1,0
BIH,1996,12,12,0,0,0,12,2,0
BIH,2000,11,10,0,0,0,11,3,0
BIH,2004,11,11,0,0,0,11,4,0
BIH,2008,7,7,0,0,0,7,5,0
BIH,2012,8,8,0,0,0,8,6,0
BIH,2016,11,8,0,0,0,11,7,0
BIH,2020,8,8,0,0,0,8,8,0
BIH,2024,6,6,0,0,0,6,9,0
BIZ,1968,7,6,0,0,0,7,1,0
BIZ,1972,2,2,0,0,0,2,2,0
BIZ,1976,4,4,0,0,0,4,3,0
BIZ,1984,13,7,0,0,0,13,4,0
BIZ,1988,13,7,0,0,0,13,5,0
BIZ,1992,18,10,0,0,0,18,6,0
BIZ,1996,5,5,0,0,0,5,7,0
BIZ,2000,2,2,0,0,0,2,8,0
BIZ,2004,2,2,0,0,0,2,9,0
BIZ,2008,4,4,0,0,0,4,10,0
BIZ,2012,3,3,0,0,0,3,11,0
BIZ,2016,3,3,0,0,0,3,12,0
BIZ,2020,4,4,0,0,0,4,13,0
BIZ,2024,1,1,0,0,0,1,14,0
BOL,1936,2,2,0,0,0,2,1,0
BOL,1964,1,1,0,0,0,1,2,0
BOL,1968,4,3,0,0,0,4,3,0
BOL,1972,14,9,0,0,0,14,4,0
BOL,1976,5,5,0,0,0,5,5,0
BOL,1984,13,11,0,0,0,13,6,0
BOL,1988,12,12,0,0,0,12,7,0
BOL,1992,21,18,0,0,0,21,8,0
BOL,1996,9,9,0,0,0,9,9,0
BOL,2000,5,5,0,0,0,5,10,0
BOL,2004,11,11,0,0,0,11,11,0
BOL,2008,7,7,0,0,0,7,12,0
BOL,2012,5,5,0,0,0,5,13,0
BOL,2016,12,10,0,0,0,12,14,0
BOL,2020,5,5,0,0,0,5,15,0
BOL,2024,4,4,0,0,0,4,16,0
BOT,1980,8,8,0,0,0,8,1,0
BOT,1984,8,6,0,0,0,8,2,0
BOT,1988,11,8,0,0,0,11,3,0
BOT,1992,6,6,0,0,0,6,4,0
BOT,1996,7,4,0,0,0,7,5,0
BOT,2000,9,5,0,0,0,9,6,0
BOT,2004,12,8,0,0,0,12,7,0
BOT,2008,11,11,0,0,0,11,8,0
BOT,2012,4,4,0,1,0,3,9,1
BRA,1900,3,3,0,0,0,3,1,0
BRA,1920,38,10,1,1,5,31,2,1
BRN,1984,14,8,0,0,0,14,1,0
BRN,1988,16,7,0,0,0,16,2,0
BRN,1992,15,10,0,0,0,15,3,0
BRN,1996,5,3,0,0,0,5,4,0
BRN,2000,4,4,0,0,0,4,5,0
BRN,2004,10,10,0,0,0,10,6,0
BRN,2008,15,11,0,0,0,15,7,0
BRN,2012,14,11,0,0,1,13,8,1
BRU,1996,1,1,0,0,0,1,1,0
BRU,2000,2,2,0,0,0,2,2,0
BRU,2004,1,1,0,0,0,1,3,0
BRU,2012,3,3,0,0,0,3,4,0
BRU,2016,3,3,0,0,0,3,5,0
BRU,2020,2,2,0,0,0,2,6,0
BRU,2024,3,3,0,0,0,3,7,0
BUL,1924,31,12,0,0,0,31,1,0
BUL,1928,10,5,0,0,0,10,2,0
BUL,1932,2,1,0,0,0,2,3,0
BUL,1936,85,22,0,0,0,85,4,0
BUL,1952,179,34,0,0,1,178,5,1
BUR,1972,1,1,0,0,0,1,1,0
BUR,1988,9,7,0,0,0,9,2,0
BUR,1992,4,4,0,0,0,4,3,0
BUR,1996,5,5,0,0,0,5,4,0
BUR,2000,4,4,0,0,0,4,5,0
BUR,2004,5,5,0,0,0,5,6,0
BUR,2008,6,6,0,0,0,6,7,0
BUR,2012,5,5,0,0,0,5,8,0
BUR,2016,5,5,0,0,0,5,9,0
BUR,2020,8,8,0,0,1,7,10,1
CAF,1968,1,1,0,0,0,1,1,0
CAF,1984,3,3,0,0,0,3,2,0
CAF,1988,15,4,0,0,0,15,3,0
CAF,1992,21,16,0,0,0,21,4,0
CAF,1996,5,5,0,0,0,5,5,0
CAF,2000,3,3,0,0,0,3,6,0
CAF,2004,4,4,0,0,0,4,7,0
CAF,2008,3,3,0,0,0,3,8,0
CAF,2012,6,6,0,0,0,6,9,0
CAF,2016,6,6,0,0,0,6,10,0
CAF,2020,2,2,0,0,0,2,11,0
CAF,2024,4,4,0,0,0,4,12,0
CAM,1956,2,1,0,0,0,2,1,0
CAM,1964,15,10,0,0,0,15,2,0
CAM,1972,17,14,0,0,0,17,3,0
CAM,1996,5,5,0,0,0,5,4,0
CAM,2000,4,4,0,0,0,4,5,0
CAM,2004,4,4,0,0,0,4,6,0
CAM,2008,4,4,0,0,0,4,7,0
CAM,2012,6,6,0,0,0,6,8,0
CAM,2016,6,6,0,0,0,6,9,0
CAM,2020,3,3,0,0,0,3,10,0
CAM,2024,3,3,0,0,0,3,11,0
CAY,1976,2,1,0,0,0,2,1,0
CAY,1984,14,7,0,0,0,14,2,0
CAY,1988,12,7,0,0,0,12,3,0
CAY,1992,13,7,0,0,0,13,4,0
CAY,1996,9,7,0,0,0,9,5,0
CAY,2000,4,4,0,0,0,4,6,0
CAY,2004,8,8,0,0,0,8,7,0
CAY,2008,6,6,0,0,0,6,8,0
CAY,2012,7,5,0,0,0,7,9,0
CAY,2016,5,5,0,0,0,5,10,0
CAY,2020,9,9,0,0,0,9,11,0
CAY,2024,5,5,0,0,0,5,12,0
CGO,1964,2,2,0,0,0,2,1,0
CGO,1972,8,5,0,0,0,8,2,0
CGO,1980,25,8,0,0,0,25,3,0
CGO,1984,13,10,0,0,0,13,4,0
CGO,1988,10,7,0,0,0,10,5,0
CGO,1992,10,7,0,0,0,10,6,0
CGO,1996,5,5,0,0,0,5,7,0
CGO,2000,5,5,0,0,0,5,8,0
CGO,2004,5,5,0,0,0,5,9,0
CGO,2008,5,5,0,0,0,5,10,0
CGO,2012,7,6,0,0,0,7,11,0
CGO,2016,10,9,0,0,0,10,12,0
CGO,2020,3,3,0,0,0,3,13,0
CGO,2024,4,4,0,0,0,4,14,0
CHA,1964,2,2,0,0,0,2,1,0
CHA,1968,4,3,0,0,0,4,2,0
CHA,1972,5,4,0,0,0,5,3,0
CHA,1984,3,3,0,0,0,3,4,0
CHA,1988,6,6,0,0,0,6,5,0
CHA,1992,7,7,0,0,0,7,6,0
CHA,1996,4,4,0,0,0,4,7,0
CHA,2000,3,3,0,0,0,3,8,0
CHA,2004,1,1,0,0,0,1,9,0
CHA,2008,2,2,0,0,0,2,10,0
CHA,2012,2,2,0,0,0,2,11,0
CHA,2016,2,2,0,0,0,2,12,0
CHA,2020,3,3,0,0,0,3,13,0
CHA,2024,3,3,0,0,0,3,14,0
CHI,1912,28,16,0,0,0,28,1,0
CHI,1920,2,2,0,0,0,2,2,0
CHI,1924,18,12,0,0,0,18,3,0
CHI,1928,46,22,0,1,0,45,4,1
CHN,1932,2,2,0,0,0,2,1,0
CHN,1936,65,27,0,0,0,65,2,0
CHN,1948,33,12,0,0,0,33,3,0
CHN,1952,1,1,0,0,0,1,4,0
CHN,1984,323,105,24,13,37,249,5,1
CIV,1964,10,10,0,0,0,10,1,0
CIV,1968,11,7,0,0,0,11,2,0
CIV,1972,13,7,0,0,0,13,3,0
CIV,1976,11,8,0,0,0,11,4,0
CIV,1984,18,14,0,1,0,17,5,1
CMR,1964,2,2,0,0,0,2,1,0
CMR,1968,5,5,0,1,0,4,2,1
COD,1968,8,2,0,0,0,8,1,0
COD,1984,9,9,0,0,0,9,2,0
COD,1988,21,15,0,0,0,21,3,0
COD,1992,19,14,0,0,0,19,4,0
COD,1996,14,2,0,0,0,14,5,0
COD,2000,3,3,0,0,0,3,6,0
COD,2004,6,4,0,0,0,6,7,0
COD,2008,5,5,0,0,0,5,8,0
COD,2012,4,4,0,0,0,4,9,0
COD,2016,4,4,0,0,0,4,10,0
COD,2020,7,7,0,0,0,7,11,0
COD,2024,6,6,0,0,0,6,12,0
COK,1988,8,8,0,0,0,8,1,0
COK,1992,2,2,0,0,0,2,2,0
COK,1996,3,3,0,0,0,3,3,0
COK,2000,2,2,0,0,0,2,4,0
COK,2004,3,3,0,0,0,3,5,0
COK,2008,4,4,0,0,0,4,6,0
COK,2012,9,9,0,0,0,9,7,0
COK,2016,9,9,0,0,0,9,8,0
COK,2020,9,9,0,0,0,9,9,0
COK,2024,2,2,0,0,0,2,10,0
COM,1996,4,4,0,0,0,4,1,0
COM,2000,2,2,0,0,0,2,2,0
COM,2004,3,3,0,0,0,3,3,0
COM,2008,3,3,0,0,0,3,4,0
COM,2012,3,3,0,0,0,3,5,0
COM,2016,4,4,0,0,0,4,6,0
COM,2020,3,3,0,0,0,3,7,0
COM,2024,5,5,0,0,0,5,8,0
CPV,1996,3,3,0,0,0,3,1,0
CPV,2000,2,2,0,0,0,2,2,0
CPV,2004,3,3,0,0,0,3,3,0
CPV,2008,2,2,0,0,0,2,4,0
CPV,2012,3,3,0,0,0,3,5,0
CPV,2016,5,5,0,0,0,5,6,0
CPV,2020,6,6,0,0,0,6,7,0
CPV,2024,7,7,0,0,1,6,8,1
CRC,1936,1,1,0,0,0,1,1,0
CRC,1964,2,1,0,0,0,2,2,0
CRC,1968,27,18,0,0,0,27,3,0
CRC,1972,4,4,0,0,0,4,4,0
CRC,1976,10,9,0,0,0,10,5,0
CRC,1980,37,18,0,0,0,37,6,0
CRC,1984,32,16,0,0,0,32,7,0
CRC,1988,33,18,0,1,0,32,8,1
CRT,1906,11,5,0,0,0,11,1,0
CYP,1980,15,13,0,0,0,15,1,0
CYP,1984,12,9,0,0,0,12,2,0
CYP,1988,11,10,0,0,0,11,3,0
CYP,1992,19,17,0,0,0,19,4,0
CYP,1996,24,16,0,0,0,24,5,0
CYP,2000,24,20,0,0,0,24,6,0
CYP,2004,21,20,0,0,0,21,7,0
CYP,2008,18,17,0,0,0,18,8,0
CYP,2012,13,12,0,1,0,12,9,1
DJI,1984,3,1,0,0,0,3,1,0
DJI,1988,6,5,0,0,1,5,2,1
DMA,1996,6,6,0,0,0,6,1,0
DMA,2000,4,4,0,0,0,4,2,0
DMA,2004,2,2,0,0,0,2,3,0
DMA,2008,2,2,0,0,0,2,4,0
DMA,2012,2,2,0,0,0,2,5,0
DMA,2016,2,2,0,0,0,2,6,0
DMA,2020,2,2,0,0,0,2,7,0
DMA,2024,4,4,1,0,0,3,8,1
DOM,1964,1,1,0,0,0,1,1,0
DOM,1968,24,16,0,0,0,24,2,0
DOM,1972,5,4,0,0,0,5,3,0
DOM,1976,11,10,0,0,0,11,4,0
DOM,1980,7,7,0,0,0,7,5,0
DOM,1984,24,20,0,0,1,23,6,1
ECU,1924,4,4,0,0,0,4,1,0
ECU,1968,41,21,0,0,0,41,2,0
ECU,1972,4,4,0,0,0,4,3,0
ECU,1976,8,8,0,0,0,8,4,0
ECU,1980,16,13,0,0,0,16,5,0
ECU,1984,15,14,0,0,0,15,6,0
ECU,1988,15,15,0,0,0,15,7,0
ECU,1992,15,15,0,0,0,15,8,0
ECU,1996,28,18,1,0,0,27,9,1
EGY,1906,5,5,0,0,0,5,1,0
EGY,1920,22,11,0,0,0,22,2,0
EGY,1924,30,12,0,0,0,30,3,0
EGY,1928,43,14,2,1,1,39,4,1
EOR,2020,35,30,0,0,0,35,1,0
EOR,2024,44,39,0,0,1,43,2,1
ERI,2000,3,3,0,0,0,3,1,0
ERI,2004,5,3,0,0,1,4,2,1
ESA,1932,4,1,0,0,0,4,1,0
ESA,1968,104,48,0,0,0,104,2,0
ESA,1972,18,12,0,0,0,18,3,0
ESA,1984,15,15,0,0,0,15,4,0
ESA,1988,7,7,0,0,0,7,5,0
ESA,1992,6,6,0,0,0,6,6,0
ESA,1996,10,10,0,0,0,10,7,0
ESA,2000,10,10,0,0,0,10,8,0
ESA,2004,9,9,0,0,0,9,9,0
ESA,2008,14,14,0,0,0,14,10,0
ESA,2012,11,11,0,0,0,11,11,0
ESA,2016,10,10,0,0,0,10,12,0
ESA,2020,7,7,0,0,0,7,13,0
ESA,2024,9,9,0,0,0,9,14,0
ETH,1956,30,10,0,0,0,30,1,0
ETH,1960,15,8,1,0,0,14,2,1
FIJ,1956,5,4,0,0,0,5,1,0
FIJ,1960,3,3,0,0,0,3,2,0
FIJ,1968,1,1,0,0,0,1,3,0
FIJ,1972,4,4,0,0,0,4,4,0
FIJ,1976,5,5,0,0,0,5,5,0
FIJ,1984,26,22,0,0,0,26,6,0
FIJ,1988,41,31,0,0,0,41,7,0
FIJ,1992,36,32,0,0,0,36,8,0
FIJ,1996,21,14,0,0,0,21,9,0
FIJ,2000,9,9,0,0,0,9,10,0
FIJ,2004,9,9,0,0,0,9,11,0
FIJ,2008,6,6,0,0,0,6,12,0
FIJ,2012,9,9,0,0,0,9,13,0
FIJ,2016,53,14,13,0,0,40,14,1
FSM,2000,5,5,0,0,0,5,1,0
FSM,2004,5,5,0,0,0,5,2,0
FSM,2008,5,5,0,0,0,5,3,0
FSM,2012,6,6,0,0,0,6,4,0
FSM,2016,5,5,0,0,0,5,5,0
FSM,2020,3,3,0,0,0,3,6,0
FSM,2024,3,3,0,0,0,3,7,0
GAB,1972,1,1,0,0,0,1,1,0
GAB,1984,4,4,0,0,0,4,2,0
GAB,1988,2,2,0,0,0,2,3,0
GAB,1992,5,5,0,0,0,5,4,0
GAB,1996,9,6,0,0,0,9,5,0
GAB,2000,6,6,0,0,0,6,6,0
GAB,2004,5,5,0,0,0,5,7,0
GAB,2008,4,4,0,0,0,4,8,0
GAB,2012,21,7,0,1,0,20,9,1
GAM,1984,16,9,0,0,0,16,1,0
GAM,1988,6,6,0,0,0,6,2,0
GAM,1992,8,5,0,0,0,8,3,0
GAM,1996,12,6,0,0,0,12,4,0
GAM,2000,2,2,0,0,0,2,5,0
GAM,2004,3,3,0,0,0,3,6,0
GAM,2008,3,3,0,0,0,3,7,0
GAM,2012,2,2,0,0,0,2,8,0
GAM,2016,4,4,0,0,0,4,9,0
GAM,2020,5,5,0,0,0,5,10,0
GAM,2024,8,8,0,0,0,8,11,0
GBS,1996,3,3,0,0,0,3,1,0
GBS,2000,3,3,0,0,0,3,2,0
GBS,2004,3,3,0,0,0,3,3,0
GBS,2008,3,3,0,0,0,3,4,0
GBS,2012,4,4,0,0,0,4,5,0
GBS,2016,5,5,0,0,0,5,6,0
GBS,2020,4,4,0,0,0,4,7,0
GBS,2024,6,6,0,0,0,6,8,0
GEQ,1984,5,5,0,0,0,5,1,0
GEQ,1988,7,7,0,0,0,7,2,0
GEQ,1992,8,8,0,0,0,8,3,0
GEQ,1996,8,5,0,0,0,8,4,0
GEQ,2000,4,4,0,0,0,4,5,0
GEQ,2004,2,2,0,0,0,2,6,0
GEQ,2008,3,3,0,0,0,3,7,0
GEQ,2012,2,2,0,0,0,2,8,0
GEQ,2016,1,1,0,0,0,1,9,0
GEQ,2020,3,3,0,0,0,3,10,0
GEQ,2024,3,3,0,0,0,3,11,0
GHA,1952,9,5,0,0,0,9,1,0
GHA,1960,15,12,0,1,0,14,2,1
GRN,1984,6,6,0,0,0,6,1,0
GRN,1988,7,7,0,0,0,7,2,0
GRN,1992,5,5,0,0,0,5,3,0
GRN,1996,5,2,0,0,0,5,4,0
GRN,2000,3,3,0,0,0,3,5,0
GRN,2004,5,5,0,0,0,5,6,0
GRN,2008,9,8,0,0,0,9,7,0
GRN,2012,8,8,1,0,0,7,8,1
GUA,1932,1,1,0,0,0,1,1,0
GUA,1952,35,26,0,0,0,35,2,0
GUA,1968,67,37,0,0,0,67,3,0
GUA,1972,11,10,0,0,0,11,4,0
GUA,1976,28,8,0,0,0,28,5,0
GUA,1980,10,7,0,0,0,10,6,0
GUA,1984,53,40,0,0,0,53,7,0
GUA,1988,37,16,0,0,0,37,8,0
GUA,1992,41,27,0,0,0,41,9,0
GUA,1996,28,20,0,0,0,28,10,0
GUA,2000,18,14,0,0,0,18,11,0
GUA,2004,19,17,0,0,0,19,12,0
GUA,2008,13,12,0,0,0,13,13,0
GUA,2012,24,21,0,1,0,23,14,1
GUI,1968,15,1,0,0,0,15,1,0
GUI,1980,10,10,0,0,0,10,2,0
GUI,1984,1,1,0,0,0,1,3,0
GUI,1988,7,7,0,0,0,7,4,0
GUI,1992,11,11,0,0,0,11,5,0
GUI,1996,5,5,0,0,0,5,6,0
GUI,2000,6,6,0,0,0,6,7,0
GUI,2004,4,4,0,0,0,4,8,0
GUI,2008,5,5,0,0,0,5,9,0
GUI,2012,4,4,0,0,0,4,10,0
GUI,2016,5,5,0,0,0,5,11,0
GUI,2020,5,5,0,0,0,5,12,0
GUI,2024,25,7,0,0,0,25,13,0
GUM,1988,26,22,0,0,0,26,1,0
GUM,1992,45,27,0,0,0,45,2,0
GUM,1996,9,9,0,0,0,9,3,0
GUM,2000,7,7,0,0,0,7,4,0
GUM,2004,4,4,0,0,0,4,5,0
GUM,2008,7,7,0,0,0,7,6,0
GUM,2012,8,8,0,0,0,8,7,0
GUM,2016,5,5,0,0,0,5,8,0
GUM,2020,5,5,0,0,0,5,9,0
GUM,2024,9,9,0,0,0,9,10,0
GUY,1948,7,7,0,0,0,7,1,0
GUY,1952,1,1,0,0,0,1,2,0
GUY,1956,6,6,0,0,0,6,3,0
GUY,1960,6,6,0,0,0,6,4,0
GUY,1964,1,1,0,0,0,1,5,0
GUY,1968,6,6,0,0,0,6,6,0
GUY,1972,4,4,0,0,0,4,7,0
GUY,1980,10,10,0,0,1,9,8,1
HKG,1952,9,6,0,0,0,9,1,0
HKG,1956,4,3,0,0,0,4,2,0
HKG,1960,4,3,0,0,0,4,3,0
HKG,1964,50,24,0,0,0,50,4,0
HKG,1968,25,12,0,0,0,25,5,0
HKG,1972,18,13,0,0,0,18,6,0
HKG,1976,50,27,0,0,0,50,7,0
HKG,1984,87,47,0,0,0,87,8,0
HKG,1988,91,49,0,0,0,91,9,0
HKG,1992,66,39,0,0,0,66,10,0
HKG,1996,32,25,1,0,0,31,11,1
HON,1968,6,4,0,0,0,6,1,0
HON,1976,3,2,0,0,0,3,2,0
HON,1984,26,20,0,0,0,26,3,0
HON,1988,18,15,0,0,0,18,4,0
HON,1992,27,25,0,0,0,27,5,0
HON,1996,7,7,0,0,0,7,6,0
HON,2000,20,4,0,0,0,20,7,0
HON,2004,5,5,0,0,0,5,8,0
HON,2008,26,8,0,0,0,26,9,0
HON,2012,25,10,0,0,0,25,10,0
HON,2016,23,8,0,0,0,23,11,0
HON,2020,28,7,0,0,0,28,12,0
HON,2024,4,4,0,0,0,4,13,0
INA,1952,3,3,0,0,0,3,1,0
INA,1956,24,11,0,0,0,24,2,0
INA,1960,27,17,0,0,0,27,3,0
INA,1968,6,5,0,0,0,6,4,0
INA,1972,7,7,0,0,0,7,5,0
INA,1976,11,11,0,0,0,11,6,0
INA,1984,23,16,0,0,0,23,7,0
INA,1988,43,32,0,3,0,40,8,1
IRI,1900,1,1,0,0,0,1,1,0
IRI,1948,39,23,0,0,1,38,2,1
IRQ,1948,13,4,0,0,0,13,1,0
IRQ,1960,28,23,0,0,1,27,2,1
ISL,1908,1,1,0,0,0,1,1,0
ISL,1912,2,2,0,0,0,2,2,0
ISL,1936,13,6,0,0,0,13,3,0
ISL,1948,27,18,0,0,0,27,4,0
ISL,1952,18,11,0,0,0,18,5,0
ISL,1956,2,2,0,1,0,1,6,1
ISR,1952,31,17,0,0,0,31,1,0
ISR,1956,3,3,0,0,0,3,2,0
ISR,1960,46,28,0,0,0,46,3,0
ISR,1964,13,12,0,0,0,13,4,0
ISR,1968,39,20,0,0,0,39,5,0
ISR,1972,17,14,0,0,0,17,6,0
ISR,1976,34,19,0,0,0,34,7,0
ISR,1984,65,46,0,0,0,65,8,0
ISR,1988,29,20,0,0,0,29,9,0
ISR,1992,44,42,0,1,1,42,10,1
ISV,1968,6,5,0,0,0,6,1,0
ISV,1972,16,9,0,0,0,16,2,0
ISV,1976,26,21,0,0,0,26,3,0
ISV,1984,52,31,0,0,0,52,4,0
ISV,1988,46,27,0,1,0,45,5,1
ITA,1896,1,1,0,0,0,1,1,0
ITA,1900,36,17,3,2,0,31,2,1
IVB,1984,13,7,0,0,0,13,1,0
IVB,1988,4,4,0,0,0,4,2,0
IVB,1992,4,2,0,0,0,4,3,0
IVB,1996,11,5,0,0,0,11,4,0
IVB,2000,1,1,0,0,0,1,5,0
IVB,2004,1,1,0,0,0,1,6,0
IVB,2008,2,2,0,0,0,2,7,0
IVB,2012,2,2,0,0,0,2,8,0
IVB,2016,4,4,0,0,0,4,9,0
IVB,2020,3,3,0,0,0,3,10,0
IVB,2024,4,4,0,0,0,4,11,0
JOR,1980,6,3,0,0,0,6,1,0
JOR,1984,15,12,0,0,0,15,2,0
JOR,1988,9,9,0,0,0,9,3,0
JOR,1992,5,5,0,0,0,5,4,0
JOR,1996,5,5,0,0,0,5,5,0
JOR,2000,8,8,0,0,0,8,6,0
JOR,2004,8,8,0,0,0,8,7,0
JOR,2008,7,7,0,0,0,7,8,0
JOR,2012,9,9,0,0,0,9,9,0
JOR,2016,8,8,1,0,0,7,10,1
JPN,1912,4,4,0,0,0,4,1,0
JPN,1920,26,15,0,3,0,23,2,1
KEN,1956,31,10,0,0,0,31,1,0
KEN,1960,30,13,0,0,0,30,2,0
KEN,1964,41,21,0,0,1,40,3,1
KGZ,1996,53,39,0,0,0,53,1,0
KGZ,2000,71,59,0,0,1,70,2,1
KIR,2004,3,3,0,0,0,3,1,0
KIR,2008,2,2,0,0,0,2,2,0
KIR,2012,3,3,0,0,0,3,3,0
KIR,2016,3,3,0,0,0,3,4,0
KIR,2020,3,3,0,0,0,3,5,0
KIR,2024,3,3,0,0,0,3,6,0
KSA,1972,14,11,0,0,0,14,1,0
KSA,1976,19,13,0,0,0,19,2,0
KSA,1984,42,11,0,0,0,42,3,0
KSA,1988,13,12,0,0,0,13,4,0
KSA,1992,17,13,0,0,0,17,5,0
KSA,1996,34,13,0,0,0,34,6,0
KSA,2000,23,14,0,1,1,21,7,1
KUW,1968,2,1,0,0,0,2,1,0
KUW,1972,4,4,0,0,0,4,2,0
KUW,1976,21,13,0,0,0,21,3,0
KUW,1980,67,26,0,0,0,67,4,0
KUW,1984,31,17,0,0,0,31,5,0
KUW,1988,34,24,0,0,0,34,6,0
KUW,1992,37,18,0,0,0,37,7,0
KUW,1996,27,16,0,0,0,27,8,0
KUW,2000,30,10,0,0,1,29,9,1
LAO,1980,19,16,0,0,0,19,1,0
LAO,1988,3,3,0,0,0,3,2,0
LAO,1992,7,7,0,0,0,7,3,0
LAO,1996,5,2,0,0,0,5,4,0
LAO,2000,3,3,0,0,0,3,5,0
LAO,2004,5,5,0,0,0,5,6,0
LAO,2008,4,4,0,0,0,4,7,0
LAO,2012,3,3,0,0,0,3,8,0
LAO,2016,5,5,0,0,0,5,9,0
LAO,2020,4,4,0,0,0,4,10,0
LAO,2024,4,4,0,0,0,4,11,0
LAT,1924,47,23,0,0,0,47,1,0
LAT,1928,24,14,0,0,0,24,2,0
LAT,1932,13,4,0,1,0,12,3,1
LBA,1968,1,1,0,0,0,1,1,0
LBA,1980,38,20,0,0,0,38,2,0
LBA,1988,7,5,0,0,0,7,3,0
LBA,1992,5,5,0,0,0,5,4,0
LBA,1996,5,5,0,0,0,5,5,0
LBA,2000,3,3,0,0,0,3,6,0
LBA,2004,8,8,0,0,0,8,7,0
LBA,2008,6,6,0,0,0,6,8,0
LBA,2012,4,4,0,0,0,4,9,0
LBA,2016,7,7,0,0,0,7,10,0
LBA,2020,4,4,0,0,0,4,11,0
LBA,2024,6,6,0,0,0,6,12,0
LBN,2020,6,6,0,0,0,6,1,0
LBN,2024,11,9,0,0,0,11,2,0
LBR,1956,11,6,0,0,0,11,1,0
LBR,1960,6,5,0,0,0,6,2,0
LBR,1964,2,2,0,0,0,2,3,0
LBR,1972,5,5,0,0,0,5,4,0
LBR,1984,10,7,0,0,0,10,5,0
LBR,1988,11,10,0,0,0,11,6,0
LBR,1996,7,3,0,0,0,7,7,0
LBR,2000,10,7,0,0,0,10,8,0
LBR,2004,2,2,0,0,0,2,9,0
LBR,2008,4,4,0,0,0,4,10,0
LBR,2012,3,3,0,0,0,3,11,0
LBR,2016,3,3,0,0,0,3,12,0
LBR,2020,4,3,0,0,0,4,13,0
LBR,2024,10,5,0,0,0,10,14,0
LCA,1996,8,5,0,0,0,8,1,0
LCA,2000,5,5,0,0,0,5,2,0
LCA,2004,2,2,0,0,0,2,3,0
LCA,2008,4,4,0,0,0,4,4,0
LCA,2012,4,4,0,0,0,4,5,0
LCA,2016,5,4,0,0,0,5,6,0
LCA,2020,5,5,0,0,0,5,7,0
LCA,2024,5,5,1,1,0,3,8,1
LES,1972,2,2,0,0,0,2,1,0
LES,1980,7,6,0,0,0,7,2,0
LES,1984,5,4,0,0,0,5,3,0
LES,1988,6,5,0,0,0,6,4,0
LES,1992,8,8,0,0,0,8,5,0
LES,1996,11,5,0,0,0,11,6,0
LES,2000,6,6,0,0,0,6,7,0
LES,2004,3,3,0,0,0,3,8,0
LES,2008,5,3,0,0,0,5,9,0
LES,2012,4,4,0,0,0,4,10,0
LES,2016,9,8,0,0,0,9,11,0
LES,2020,2,2,0,0,0,2,12,0
LES,2024,3,3,0,0,0,3,13,0
LIB,1948,9,9,0,0,0,9,1,0
LIB,1952,9,8,0,1,1,7,2,1
LIE,1936,8,5,0,0,0,8,1,0
LIE,1948,2,1,0,0,0,2,2,0
LIE,1952,2,1,0,0,0,2,3,0
LIE,1960,8,6,0,0,0,8,4,0
LIE,1964,3,3,0,0,0,3,5,0
LIE,1968,3,3,0,0,0,3,6,0
LIE,1972,12,11,0,0,0,12,7,0
LIE,1976,9,9,0,0,0,9,8,0
LIE,1984,8,7,0,0,0,8,9,0
LIE,1988,16,15,0,0,0,16,10,0
LIE,1992,8,8,0,0,0,8,11,0
LIE,1996,2,2,0,0,0,2,12,0
LIE,2000,2,2,0,0,0,2,13,0
LIE,2004,1,1,0,0,0,1,14,0
LIE,2008,2,2,0,0,0,2,15,0
LIE,2012,4,4,0,0,0,4,16,0
LIE,2016,3,3,0,0,0,3,17,0
LIE,2020,9,8,0,0,0,9,18,0
LIE,2024,1,1,0,0,0,1,19,0
LTU,1924,13,2,0,0,0,13,1,0
LTU,1928,13,10,0,0,0,13,2,0
LTU,1992,54,31,1,0,12,41,3,1
MAD,1964,4,4,0,0,0,4,1,0
MAD,1968,6,6,0,0,0,6,2,0
MAD,1972,13,10,0,0,0,13,3,0
MAD,1980,18,18,0,0,0,18,4,0
MAD,1984,5,5,0,0,0,5,5,0
MAD,1992,17,15,0,0,0,17,6,0
MAD,1996,14,10,0,0,0,14,7,0
MAD,2000,13,10,0,0,0,13,8,0
MAD,2004,8,8,0,0,0,8,9,0
MAD,2008,6,6,0,0,0,6,10,0
MAD,2012,7,7,0,0,0,7,11,0
MAD,2016,6,6,0,0,0,6,12,0
MAD,2020,6,6,0,0,0,6,13,0
MAD,2024,7,7,0,0,0,7,14,0
MAL,1956,34,13,0,0,0,34,1,0
MAL,1960,11,11,0,0,0,11,2,0
MAS,1964,81,48,0,0,0,81,1,0
MAS,1968,35,14,0,0,0,35,2,0
MAS,1972,57,20,0,0,0,57,3,0
MAS,1976,25,9,0,0,0,25,4,0
MAS,1984,27,12,0,0,0,27,5,0
MAS,1988,17,15,0,0,0,17,6,0
MAS,1992,30,11,0,0,2,28,7,1
MAW,1972,18,17,0,0,0,18,1,0
MAW,1984,23,16,0,0,0,23,2,0
MAW,1988,22,16,0,0,0,22,3,0
MAW,1992,4,4,0,0,0,4,4,0
MAW,1996,2,2,0,0,0,2,5,0
MAW,2000,2,2,0,0,0,2,6,0
MAW,2004,4,4,0,0,0,4,7,0
MAW,2008,4,4,0,0,0,4,8,0
MAW,2012,3,3,0,0,0,3,9,0
MAW,2016,5,5,0,0,0,5,10,0
MAW,2020,5,5,0,0,0,5,11,0
MAW,2024,3,3,0,0,0,3,12,0
MDV,1988,9,5,0,0,0,9,1,0
MDV,1992,10,8,0,0,0,10,2,0
MDV,1996,9,6,0,0,0,9,3,0
MDV,2000,4,4,0,0,0,4,4,0
MDV,2004,4,4,0,0,0,4,5,0
MDV,2008,4,4,0,0,0,4,6,0
MDV,2012,5,5,0,0,0,5,7,0
MDV,2016,4,4,0,0,0,4,8,0
MDV,2020,4,4,0,0,0,4,9,0
MDV,2024,5,4,0,0,0,5,10,0
MGL,1964,40,29,0,0,0,40,1,0
MGL,1968,38,26,0,1,3,34,2,1
MHL,2008,5,5,0,0,0,5,1,0
MHL,2012,4,4,0,0,0,4,2,0
MHL,2016,5,5,0,0,0,5,3,0
MHL,2020,2,2,0,0,0,2,4,0
MHL,2024,4,4,0,0,0,4,5,0
MKD,1996,16,16,0,0,0,16,1,0
MKD,2000,15,15,0,0,1,14,2,1
MLI,1964,2,2,0,0,0,2,1,0
MLI,1968,2,2,0,0,0,2,2,0
MLI,1972,3,3,0,0,0,3,3,0
MLI,1980,7,7,0,0,0,7,4,0
MLI,1984,5,5,0,0,0,5,5,0
MLI,1988,8,8,0,0,0,8,6,0
MLI,1992,6,6,0,0,0,6,7,0
MLI,1996,4,4,0,0,0,4,8,0
MLI,2000,5,5,0,0,0,5,9,0
MLI,2004,21,6,0,0,0,21,10,0
MLI,2008,17,6,0,0,0,17,11,0
MLI,2012,6,6,0,0,0,6,12,0
MLI,2016,6,6,0,0,0,6,13,0
MLI,2020,4,4,0,0,0,4,14,0
MLI,2024,24,6,0,0,0,24,15,0
MLT,1928,9,1,0,0,0,9,1,0
MLT,1936,11,2,0,0,0,11,2,0
MLT,1948,1,1,0,0,0,1,3,0
MLT,1960,13,6,0,0,0,13,4,0
MLT,1968,1,1,0,0,0,1,5,0
MLT,1972,5,2,0,0,0,5,6,0
MLT,1980,12,5,0,0,0,12,7,0
MLT,1984,7,6,0,0,0,7,8,0
MLT,1988,6,6,0,0,0,6,9,0
MLT,1992,8,8,0,0,0,8,10,0
MLT,1996,10,10,0,0,0,10,11,0
MLT,2000,7,7,0,0,0,7,12,0
MLT,2004,7,7,0,0,0,7,13,0
MLT,2008,6,6,0,0,0,6,14,0
MLT,2012,5,5,0,0,0,5,15,0
MLT,2016,8,8,0,0,0,8,16,0
MLT,2020,8,8,0,0,0,8,17,0
MLT,2024,5,5,0,0,0,5,18,0
MNE,2008,20,8,0,0,0,20,1,0
MNE,2012,34,9,0,14,0,20,2,1
MON,1920,7,6,0,0,0,7,1,0
MON,1924,9,6,0,0,1,8,2,1
MOZ,1980,16,16,0,0,0,16,1,0
MOZ,1984,14,11,0,0,0,14,2,0
MOZ,1988,12,12,0,0,0,12,3,0
MOZ,1992,7,7,0,0,0,7,4,0
MOZ,1996,3,3,0,0,1,2,5,1
MRI,1984,7,7,0,0,0,7,1,0
MRI,1988,11,9,0,0,0,11,2,0
MRI,1992,22,17,0,0,0,22,3,0
MRI,1996,36,23,0,0,0,36,4,0
MRI,2000,26,20,0,0,0,26,5,0
MRI,2004,9,9,0,0,0,9,6,0
MRI,2008,11,11,0,0,1,10,7,1
MTN,1984,2,2,0,0,0,2,1,0
MTN,1988,7,7,0,0,0,7,2,0
MTN,1992,6,6,0,0,0,6,3,0
MTN,1996,4,4,0,0,0,4,4,0
MTN,2000,2,2,0,0,0,2,5,0
MTN,2004,2,2,0,0,0,2,6,0
MTN,2008,2,2,0,0,0,2,7,0
MTN,2012,2,2,0,0,0,2,8,0
MTN,2016,2,2,0,0,0,2,9,0
MTN,2020,2,2,0,0,0,2,10,0
MTN,2024,2,2,0,0,0,2,11,0
MYA,1948,5,5,0,0,0,5,1,0
MYA,1952,5,5,0,0,0,5,2,0
MYA,1956,12,11,0,0,0,12,3,0
MYA,1960,10,9,0,0,0,10,4,0
MYA,1964,12,11,0,0,0,12,5,0
MYA,1968,4,3,0,0,0,4,6,0
MYA,1972,19,7,0,0,0,19,7,0
MYA,1980,2,2,0,0,0,2,8,0
MYA,1984,1,1,0,0,0,1,9,0
MYA,1988,3,3,0,0,0,3,10,0
MYA,1992,5,5,0,0,0,5,11,0
MYA,1996,3,3,0,0,0,3,12,0
MYA,2000,7,7,0,0,0,7,13,0
MYA,2004,2,2,0,0,0,2,14,0
MYA,2008,7,7,0,0,0,7,15,0
MYA,2012,6,6,0,0,0,6,16,0
MYA,2016,8,8,0,0,0,8,17,0
MYA,2020,2,2,0,0,0,2,18,0
MYA,2024,2,2,0,0,0,2,19,0
NBO,1956,2,1,0,0,0,2,1,0
NCA,1968,16,15,0,0,0,16,1,0
NCA,1972,10,10,0,0,0,10,2,0
NCA,1976,25,19,0,0,0,25,3,0
NCA,1980,6,6,0,0,0,6,4,0
NCA,1984,5,5,0,0,0,5,5,0
NCA,1992,9,9,0,0,0,9,6,0
NCA,1996,28,9,0,0,0,28,7,0
NCA,2000,6,6,0,0,0,6,8,0
NCA,2004,6,6,0,0,0,6,9,0
NCA,2008,7,7,0,0,0,7,10,0
NCA,2012,6,6,0,0,0,6,11,0
NCA,2016,5,5,0,0,0,5,12,0
NCA,2020,8,8,0,0,0,8,13,0
NCA,2024,7,7,0,0,0,7,14,0
NEP,1964,6,5,0,0,0,6,1,0
NEP,1972,2,1,0,0,0,2,2,0
NEP,1976,1,1,0,0,0,1,3,0
NEP,1980,10,9,0,0,0,10,4,0
NEP,1984,10,8,0,0,0,10,5,0
NEP,1988,20,17,0,0,0,20,6,0
NEP,1992,2,2,0,0,0,2,7,0
NEP,1996,6,6,0,0,0,6,8,0
NEP,2000,5,5,0,0,0,5,9,0
NEP,2004,6,6,0,0,0,6,10,0
NEP,2008,8,8,0,0,0,8,11,0
NEP,2012,5,5,0,0,0,5,12,0
NEP,2016,7,7,0,0,0,7,13,0
NEP,2020,5,5,0,0,0,5,14,0
NEP,2024,7,6,0,0,0,7,15,0
NFL,1904,1,1,0,0,0,1,1,0
NGR,1952,15,5,0,0,0,15,1,0
NGR,1956,14,6,0,0,0,14,2,0
NGR,1960,15,12,0,0,0,15,3,0
NGR,1964,19,12,0,0,1,18,4,1
NIG,1964,1,1,0,0,0,1,1,0
NIG,1968,2,2,0,0,0,2,2,0
NIG,1972,4,4,0,0,1,3,3,1
NRU,1996,3,3,0,0,0,3,1,0
NRU,2000,2,2,0,0,0,2,2,0
NRU,2004,3,3,0,0,0,3,3,0
NRU,2008,1,1,0,0,0,1,4,0
NRU,2012,2,2,0,0,0,2,5,0
NRU,2016,2,2,0,0,0,2,6,0
NRU,2020,2,2,0,0,0,2,7,0
NRU,2024,1,1,0,0,0,1,8,0
OMA,1984,22,14,0,0,0,22,1,0
OMA,1988,13,9,0,0,0,13,2,0
OMA,1992,5,5,0,0,0,5,3,0
OMA,1996,5,5,0,0,0,5,4,0
OMA,2000,8,5,0,0,0,8,5,0
OMA,2004,2,2,0,0,0,2,6,0
OMA,2008,4,4,0,0,0,4,7,0
OMA,2012,3,3,0,0,0,3,8,0
OMA,2016,4,4,0,0,0,4,9,0
OMA,2020,5,5,0,0,0,5,10,0
OMA,2024,4,4,0,0,0,4,11,0
PAK,1948,44,20,0,0,0,44,1,0
PAK,1952,51,25,0,0,0,51,2,0
PAK,1956,79,43,0,14,0,65,3,1
PAN,1928,2,2,0,0,0,2,1,0
PAN,1948,2,2,0,0,2,0,2,1
PAR,1968,1,1,0,0,0,1,1,0
PAR,1972,3,3,0,0,0,3,2,0
PAR,1976,6,6,0,0,0,6,3,0
PAR,1984,18,15,0,0,0,18,4,0
PAR,1988,13,11,0,0,0,13,5,0
PAR,1992,31,12,0,0,0,31,6,0
PAR,1996,7,7,0,0,0,7,7,0
PAR,2000,5,5,0,0,0,5,8,0
PAR,2004,22,6,0,17,0,5,9,1
PER,1900,2,2,0,0,0,2,1,0
PER,1932,3,1,0,0,0,3,2,0
PER,1936,46,16,0,0,0,46,3,0
PER,1948,49,26,1,0,0,48,4,1
PHI,1924,2,2,0,0,0,2,1,0
PHI,1928,6,6,0,0,1,5,2,1
PLE,1996,1,1,0,0,0,1,1,0
PLE,2000,2,2,0,0,0,2,2,0
PLE,2004,3,3,0,0,0,3,3,0
PLE,2008,4,4,0,0,0,4,4,0
PLE,2012,5,5,0,0,0,5,5,0
PLE,2016,6,6,0,0,0,6,6,0
PLE,2020,5,5,0,0,0,5,7,0
PLE,2024,8,8,0,0,0,8,8,0
PLW,2000,5,5,0,0,0,5,1,0
PLW,2004,4,4,0,0,0,4,2,0
PLW,2008,5,5,0,0,0,5,3,0
PLW,2012,5,5,0,0,0,5,4,0
PLW,2016,6,6,0,0,0,6,5,0
PLW,2020,3,3,0,0,0,3,6,0
PLW,2024,3,3,0,0,0,3,7,0
PNG,1976,9,8,0,0,0,9,1,0
PNG,1984,12,12,0,0,0,12,2,0
PNG,1988,15,15,0,0,0,15,3,0
PNG,1992,19,16,0,0,0,19,4,0
PNG,1996,17,11,0,0,0,17,5,0
PNG,2000,5,5,0,0,0,5,6,0
PNG,2004,6,6,0,0,0,6,7,0
PNG,2008,9,9,0,0,0,9,8,0
PNG,2012,8,8,0,0,0,8,9,0
PNG,2016,8,8,0,0,0,8,10,0
PNG,2020,8,8,0,0,0,8,11,0
PNG,2024,7,7,0,0,0,7,12,0
POL,1912,1,1,0,0,0,1,1,0
POL,1924,100,38,0,4,1,95,2,1
POR,1912,8,8,0,0,0,8,1,0
POR,1920,40,7,0,0,0,40,2,0
POR,1924,47,16,0,0,4,43,3,1
QAT,1984,26,8,0,0,0,26,1,0
QAT,1988,13,10,0,0,0,13,2,0
QAT,1992,30,11,0,0,1,29,3,1
RHO,1960,12,11,0,0,0,12,1,0
ROT,2016,12,12,0,0,0,12,1,0
ROU,1900,1,1,0,0,0,1,1,0
ROU,1924,45,7,0,0,16,29,2,1
RSA,1904,8,2,0,0,0,8,1,0
RSA,1908,33,15,1,1,0,31,2,1
RUS,1900,5,3,0,0,0,5,1,0
RUS,1908,7,7,1,2,0,4,2,1
RWA,1984,6,6,0,0,0,6,1,0
RWA,1988,8,7,0,0,0,8,2,0
RWA,1992,10,8,0,0,0,10,3,0
RWA,1996,4,4,0,0,0,4,4,0
RWA,2000,5,5,0,0,0,5,5,0
RWA,2004,5,5,0,0,0,5,6,0
RWA,2008,4,4,0,0,0,4,7,0
RWA,2012,7,7,0,0,0,7,8,0
RWA,2016,7,7,0,0,0,7,9,0
RWA,2020,5,5,0,0,0,5,10,0
RWA,2024,8,8,0,0,0,8,11,0
SAA,1952,93,32,0,0,0,93,1,0
SAM,1984,9,9,0,0,0,9,1,0
SAM,1988,11,11,0,0,0,11,2,0
SAM,1992,5,5,0,0,0,5,3,0
SAM,1996,5,5,0,0,0,5,4,0
SAM,2000,5,5,0,0,0,5,5,0
SAM,2004,3,3,0,0,0,3,6,0
SAM,2008,7,7,0,0,0,7,7,0
SAM,2012,9,9,0,0,0,9,8,0
SAM,2016,9,9,0,0,0,9,9,0
SAM,2020,13,11,0,0,0,13,10,0
SAM,2024,24,13,0,0,0,24,11,0
SEN,1964,14,7,0,0,0,14,1,0
SEN,1968,24,9,0,0,0,24,2,0
SEN,1972,40,23,0,0,0,40,3,0
SEN,1976,33,27,0,0,0,33,4,0
SEN,1980,39,22,0,0,0,39,5,0
SEN,1984,29,21,0,0,0,29,6,0
SEN,1988,35,23,0,1,0,34,7,1
SEY,1980,21,15,0,0,0,21,1,0
SEY,1984,15,15,0,0,0,15,2,0
SEY,1992,21,18,0,0,0,21,3,0
SEY,1996,9,9,0,0,0,9,4,0
SEY,2000,9,9,0,0,0,9,5,0
SEY,2004,10,10,0,0,0,10,6,0
SEY,2008,10,9,0,0,0,10,7,0
SEY,2012,6,6,0,0,0,6,8,0
SEY,2016,10,10,0,0,0,10,9,0
SEY,2020,6,6,0,0,0,6,10,0
SEY,2024,3,3,0,0,0,3,11,0
SGP,1948,1,1,0,0,0,1,1,0
SGP,1952,7,7,0,0,0,7,2,0
SGP,1956,52,13,0,0,0,52,3,0
SGP,1960,5,3,0,1,0,4,4,1
SKN,1996,14,5,0,0,0,14,1,0
SKN,2000,4,4,0,0,0,4,2,0
SKN,2004,2,2,0,0,0,2,3,0
SKN,2008,6,5,0,0,0,6,4,0
SKN,2012,7,3,0,0,0,7,5,0
SKN,2016,9,4,0,0,0,9,6,0
SKN,2020,2,2,0,0,0,2,7,0
SKN,2024,3,3,0,0,0,3,8,0
SLE,1968,4,4,0,0,0,4,1,0
SLE,1980,32,16,0,0,0,32,2,0
SLE,1984,10,6,0,0,0,10,3,0
SLE,1988,20,14,0,0,0,20,4,0
SLE,1992,15,12,0,0,0,15,5,0
SLE,1996,19,10,0,0,0,19,6,0
SLE,2000,3,3,0,0,0,3,7,0
SLE,2004,2,2,0,0,0,2,8,0
SLE,2008,3,3,0,0,0,3,9,0
SLE,2012,2,2,0,0,0,2,10,0
SLE,2016,4,4,0,0,0,4,11,0
SLE,2020,4,4,0,0,0,4,12,0
SLE,2024,4,4,0,0,0,4,13,0
SMR,1960,13,5,0,0,0,13,1,0
SMR,1968,4,2,0,0,0,4,2,0
SMR,1972,7,4,0,0,0,7,3,0
SMR,1976,10,7,0,0,0,10,4,0
SMR,1980,16,10,0,0,0,16,5,0
SMR,1984,31,26,0,0,0,31,6,0
SMR,1988,15,12,0,0,0,15,7,0
SMR,1992,20,15,0,0,0,20,8,0
SMR,1996,7,7,0,0,0,7,9,0
SMR,2000,4,4,0,0,0,4,10,0
SMR,2004,5,5,0,0,0,5,11,0
SMR,2008,4,4,0,0,0,4,12,0
SMR,2012,4,4,0,0,0,4,13,0
SMR,2016,4,3,0,0,0,4,14,0
SMR,2020,8,7,0,2,2,4,15,1
SOL,1984,3,3,0,0,0,3,1,0
SOL,1988,5,5,0,0,0,5,2,0
SOL,1992,1,1,0,0,0,1,3,0
SOL,1996,4,4,0,0,0,4,4,0
SOL,2000,2,2,0,0,0,2,5,0
SOL,2004,2,2,0,0,0,2,6,0
SOL,2008,3,3,0,0,0,3,7,0
SOL,2012,4,4,0,0,0,4,8,0
SOL,2016,3,3,0,0,0,3,9,0
SOL,2020,3,3,0,0,0,3,10,0
SOL,2024,2,2,0,0,0,2,11,0
SOM,1972,4,4,0,0,0,4,1,0
SOM,1984,9,6,0,0,0,9,2,0
SOM,1988,5,4,0,0,0,5,3,0
SOM,1996,4,4,0,0,0,4,4,0
SOM,2000,2,2,0,0,0,2,5,0
SOM,2004,2,2,0,0,0,2,6,0
SOM,2008,2,2,0,0,0,2,7,0
SOM,2012,2,2,0,0,0,2,8,0
SOM,2016,2,2,0,0,0,2,9,0
SOM,2020,2,2,0,0,0,2,10,0
SOM,2024,1,1,0,0,0,1,11,0
SRB,1912,2,2,0,0,0,2,1,0
SRB,2008,97,42,0,1,14,82,2,1
SSD,2016,3,3,0,0,0,3,1,0
SSD,2020,2,2,0,0,0,2,2,0
SSD,2024,14,3,0,0,0,14,3,0
STP,1996,2,2,0,0,0,2,1,0
STP,2000,2,2,0,0,0,2,2,0
STP,2004,2,2,0,0,0,2,3,0
STP,2008,4,4,0,0,0,4,4,0
STP,2012,2,2,0,0,0,2,5,0
STP,2016,3,3,0,0,0,3,6,0
STP,2020,5,3,0,0,0,5,7,0
STP,2024,3,3,0,0,0,3,8,0
SUD,1960,13,10,0,0,0,13,1,0
SUD,1968,7,7,0,0,0,7,2,0
SUD,1972,31,15,0,0,0,31,3,0
SUD,1984,9,9,0,0,0,9,4,0
SUD,1988,8,8,0,0,0,8,5,0
SUD,1992,7,7,0,0,0,7,6,0
SUD,1996,4,4,0,0,0,4,7,0
SUD,2000,3,3,0,0,0,3,8,0
SUD,2004,4,4,0,0,0,4,9,0
SUD,2008,9,8,0,1,0,8,10,1
SUR,1968,1,1,0,0,0,1,1,0
SUR,1972,3,3,0,0,0,3,2,0
SUR,1976,4,4,0,0,0,4,3,0
SUR,1984,7,7,0,0,0,7,4,0
SUR,1988,10,10,1,0,0,9,5,1
SWE,1896,5,5,0,0,0,5,1,0
SWE,1900,27,16,3,0,1,23,2,1
SWZ,1972,4,4,0,0,0,4,1,0
SWZ,1984,11,11,0,0,0,11,2,0
SWZ,1988,15,11,0,0,0,15,3,0
SWZ,1992,10,10,0,0,0,10,4,0
SWZ,1996,6,5,0,0,0,6,5,0
SWZ,2000,6,6,0,0,0,6,6,0
SWZ,2004,3,3,0,0,0,3,7,0
SWZ,2008,4,4,0,0,0,4,8,0
SWZ,2012,3,3,0,0,0,3,9,0
SWZ,2016,2,2,0,0,0,2,10,0
SWZ,2020,4,4,0,0,0,4,11,0
SWZ,2024,3,3,0,0,0,3,12,0
SYR,1948,1,1,0,0,0,1,1,0
SYR,1968,2,2,0,0,0,2,2,0
SYR,1972,5,4,0,0,0,5,3,0
SYR,1980,71,55,0,0,0,71,4,0
SYR,1984,9,9,0,1,0,8,5,1
TAN,1964,4,4,0,0,0,4,1,0
TAN,1968,5,5,0,0,0,5,2,0
TAN,1972,22,16,0,0,0,22,3,0
TAN,1980,48,22,0,2,0,46,4,1
TGA,1984,7,7,0,0,0,7,1,0
TGA,1988,7,7,0,0,0,7,2,0
TGA,1992,5,5,0,0,0,5,3,0
TGA,1996,5,5,0,1,0,4,4,1
THA,1952,15,7,0,0,0,15,1,0
THA,1956,40,14,0,0,0,40,2,0
THA,1960,24,16,0,0,0,24,3,0
THA,1964,67,41,0,0,0,67,4,0
THA,1968,46,18,0,0,0,46,5,0
THA,1972,37,21,0,0,0,37,6,0
THA,1976,62,33,0,0,1,61,7,1
TJK,1996,8,8,0,0,0,8,1,0
TJK,2000,4,4,0,0,0,4,2,0
TJK,2004,9,9,0,0,0,9,3,0
TJK,2008,16,16,0,1,1,14,4,1
TKM,1996,7,7,0,0,0,7,1,0
TKM,2000,8,8,0,0,0,8,2,0
TKM,2004,10,10,0,0,0,10,3,0
TKM,2008,10,9,0,0,0,10,4,0
TKM,2012,10,10,0,0,0,10,5,0
TKM,2016,9,9,0,0,0,9,6,0
TKM,2020,10,10,0,1,0,9,7,1
TLS,2004,2,2,0,0,0,2,1,0
TLS,2008,1,1,0,0,0,1,2,0
TLS,2012,2,2,0,0,0,2,3,0
TLS,2016,3,3,0,0,0,3,4,0
TLS,2020,3,3,0,0,0,3,5,0
TLS,2024,4,4,0,0,0,4,6,0
TOG,1972,7,5,0,0,0,7,1,0
TOG,1984,6,6,0,0,0,6,2,0
TOG,1988,6,6,0,0,0,6,3,0
TOG,1992,9,5,0,0,0,9,4,0
TOG,1996,7,4,0,0,0,7,5,0
TOG,2000,3,3,0,0,0,3,6,0
TOG,2004,3,3,0,0,0,3,7,0
TOG,2008,4,4,0,0,1,3,8,1
TPE,1956,23,13,0,0,0,23,1,0
TPE,1960,31,18,0,1,0,30,2,1
TUN,1960,56,22,0,0,0,56,1,0
TUN,1964,12,9,0,1,1,10,2,1
TUR,1906,2,2,0,0,0,2,1,0
TUR,1912,7,7,0,0,0,7,2,0
TUR,1924,23,11,0,0,0,23,3,0
TUR,1928,40,17,0,0,0,40,4,0
TUR,1932,2,1,0,0,0,2,5,0
TUR,1936,62,26,1,0,1,60,6,1
TUV,2008,3,3,0,0,0,3,1,0
TUV,2012,3,3,0,0,0,3,2,0
TUV,2016,1,1,0,0,0,1,3,0
TUV,2020,2,2,0,0,0,2,4,0
TUV,2024,2,2,0,0,0,2,5,0
UAE,1984,11,8,0,0,0,11,1,0
UAE,1988,36,15,0,0,0,36,2,0
UAE,1992,36,19,0,0,0,36,3,0
UAE,1996,4,4,0,0,0,4,4,0
UAE,2000,5,5,0,0,0,5,5,0
UAE,2004,5,5,1,0,0,4,6,1
UGA,1956,5,5,0,0,0,5,1,0
UGA,1960,16,11,0,0,0,16,2,0
UGA,1964,19,14,0,0,0,19,3,0
UGA,1968,14,14,0,1,1,12,4,1
UNK,1912,2,1,0,0,0,2,1,0
VAN,1988,6,6,0,0,0,6,1,0
VAN,1992,8,8,0,0,0,8,2,0
VAN,1996,4,4,0,0,0,4,3,0
VAN,2000,3,3,0,0,0,3,4,0
VAN,2004,2,2,0,0,0,2,5,0
VAN,2008,3,3,0,0,0,3,6,0
VAN,2012,5,5,0,0,0,5,7,0
VAN,2016,4,4,0,0,0,4,8,0
VAN,2020,3,3,0,0,0,3,9,0
VAN,2024,6,6,0,0,0,6,10,0
VEN,1932,1,1,0,0,0,1,1,0
VEN,1948,2,2,0,0,0,2,2,0
VEN,1952,63,37,0,0,1,62,3,1
VIE,1980,38,31,0,0,0,38,1,0
VIE,1988,12,12,0,0,0,12,2,0
VIE,1992,10,10,0,0,0,10,3,0
VIE,1996,6,6,0,0,0,6,4,0
VIE,2000,7,7,0,1,0,6,5,1
VIN,1988,6,6,0,0,0,6,1,0
VIN,1992,8,5,0,0,0,8,2,0
VIN,1996,12,6,0,0,0,12,3,0
VIN,2000,4,4,0,0,0,4,4,0
VIN,2004,3,3,0,0,0,3,5,0
VIN,2008,2,2,0,0,0,2,6,0
VIN,2012,3,3,0,0,0,3,7,0
VIN,2016,4,4,0,0,0,4,8,0
VIN,2020,3,3,0,0,0,3,9,0
VIN,2024,4,4,0,0,0,4,10,0
VNM,1952,13,7,0,0,0,13,1,0
VNM,1956,10,4,0,0,0,10,2,0
VNM,1960,5,5,0,0,0,5,3,0
VNM,1964,23,14,0,0,0,23,4,0
VNM,1968,9,7,0,0,0,9,5,0
VNM,1972,2,1,0,0,0,2,6,0
YAR,1984,3,3,0,0,0,3,1,0
YAR,1988,8,8,0,0,0,8,2,0
YEM,1992,8,8,0,0,0,8,1,0
YEM,1996,4,4,0,0,0,4,2,0
YEM,2000,2,2,0,0,0,2,3,0
YEM,2004,3,3,0,0,0,3,4,0
YEM,2008,8,8,0,0,0,8,5,0
YEM,2012,4,4,0,0,0,4,6,0
YEM,2016,3,3,0,0,0,3,7,0
YEM,2020,6,6,0,0,0,6,8,0
YEM,2024,4,4,0,0,0,4,9,0
YMD,1988,5,5,0,0,0,5,1,0
YUG,1920,15,1,0,0,0,15,1,0
YUG,1924,116,27,2,0,0,114,2,1
ZAM,1964,15,13,0,0,0,15,1,0
ZAM,1968,7,5,0,0,0,7,2,0
ZAM,1972,12,12,0,0,0,12,3,0
ZAM,1980,43,25,0,0,0,43,4,0
ZAM,1984,18,18,0,0,1,17,5,1
ZIM,1928,2,2,0,0,0,2,1,0
ZIM,1960,10,6,0,0,0,10,2,0
ZIM,1964,33,15,0,0,0,33,3,0
ZIM,1980,52,30,15,0,0,37,4,1
